Sequencing_Panel;Illumina_ID;Sample_ID;SGDP_ID;Population_ID;Region;Country;DNA_Source;Embargo
B;SS6004478;IHW9118;B_Australian-3;Australian;Oceania;Australia;Genomic_from_cell_lines;FullyPublic
B;SS6004477;IHW9193;B_Australian-4;Australian;Oceania;Australia;Genomic_from_cell_lines;FullyPublic
B;LP6007069-DNA_A01;AV-21;B_Crete-1;Crete;WestEurasia;Greece;Genomic_from_blood;FullyPublic
B;LP6007068-DNA_A01;TZ-11;B_Crete-2;Crete;WestEurasia;Greece;Genomic_from_blood;FullyPublic
B;SS6004467;HGDP01308;B_Dai-4;Dai;EastAsia;China;Genomic_from_cell_lines;FullyPublic
B;SS6004480;DNK07;B_Dinka-3;Dinka;Africa;Sudan;Genomic_from_saliva;FullyPublic
B;SS6004468;HGDP00533;B_French-3;French;WestEurasia;France;Genomic_from_cell_lines;FullyPublic
B;SS6004469;HGDP00775;B_Han-3;Han;EastAsia;China;Genomic_from_cell_lines;FullyPublic
B;SS6004473;HGDP01036;B_Ju_hoan_North-4;Ju_hoan_North;Africa;Namibia;Genomic_from_cell_lines;FullyPublic
B;SS6004476;HGDP01015;B_Karitiana-3;Karitiana;America;Brazil;Genomic_from_cell_lines;FullyPublic
B;SS6004470;HGDP01286;B_Mandenka-3;Mandenka;Africa;Senegal;Genomic_from_cell_lines;FullyPublic
B;SS6004471;HGDP00982;B_Mbuti-4;Mbuti;Africa;Congo;Genomic_from_cell_lines;FullyPublic
B;SS6004479;mixe0007;B_Mixe-1;Mixe;America;Mexico;Genomic_from_cell_lines;FullyPublic
B;SS6004472;HGDP00546;B_Papuan-15;Papuan;Oceania;PapuaNewGuinea;Genomic_from_cell_lines;FullyPublic
B;SS6004474;HGDP01076;B_Sardinian-3;Sardinian;WestEurasia;Italy;Genomic_from_cell_lines;FullyPublic
B;SS6004475;HGDP00936;B_Yoruba-3;Yoruba;Africa;Nigeria;Genomic_from_cell_lines;FullyPublic
C;LP6005677-DNA_B01;ALB212;S_Albanian-1;Albanian;WestEurasia;Albania;Genomic_from_blood;FullyPublic
C;LP6005442-DNA_F02;altai363p;S_Altaian-1;Altaian;CentralAsiaSiberia;Russia;Genomic_from_blood;FullyPublic
C;LP6005442-DNA_E07;NA13604;S_Atayal-1;Atayal;EastAsia;Taiwan;Genomic_from_cell_lines;FullyPublic
C;LP6005519-DNA_D01;TGBS21;S_Chane-1;Chane;America;Argentina;Genomic_from_blood;FullyPublic
C;LP6005442-DNA_D03;ch113;S_Chechen-1;Chechen;WestEurasia;Russia;Genomic_from_blood;FullyPublic
C;LP6005443-DNA_C03;Sir19;S_Chukchi-1;Chukchi;CentralAsiaSiberia;Russia;Genomic_from_blood;FullyPublic
C;LP6005443-DNA_H05;NA15728;S_Czech-2;Czech;WestEurasia;Czechoslovia(pre1989);Genomic_from_cell_lines;FullyPublic
C;LP6005443-DNA_D03;Esk29;S_Eskimo_Chaplin-1;Eskimo_Chaplin;CentralAsiaSiberia;Russia;Genomic_from_blood;FullyPublic
C;LP6005592-DNA_H03;NA17385;S_Hawaiian-1;Hawaiian;Oceania;USA;Genomic_from_cell_lines;FullyPublic
C;LP6005443-DNA_D04;Kor82;S_Itelman-1;Itelman;CentralAsiaSiberia;Russia;Genomic_from_blood;FullyPublic
C;LP6005519-DNA_E05;KD4;S_Khonda_Dora-1;Khonda_Dora;SouthAsia;India;Genomic_from_blood;FullyPublic
C;LP6005592-DNA_B02;NA17386;S_Maori-1;Maori;Oceania;New Zealand;Genomic_from_cell_lines;FullyPublic
C;LP6005592-DNA_B01;NOR111;S_Norwegian-1;Norwegian;WestEurasia;Norway;Genomic_from_blood;FullyPublic
C;LP6005592-DNA_E02;ND15865;S_Polish-1;Polish;WestEurasia;Poland;Genomic_from_cell_lines;FullyPublic
C;LP6005592-DNA_D04;Sam02;S_Samaritan-1;Samaritan;WestEurasia;Israel;Genomic_from_blood;FullyPublic
C;LP6005442-DNA_D09;Ayodo_81S;S_Somali-1;Somali;Africa;Kenya;Genomic_from_blood;FullyPublic
C;LP6005442-DNA_G02;armenia293;S_Armenian-1;Armenian;WestEurasia;Armenia;Genomic_from_blood;FullyPublic
C;LP6005519-DNA_F03;Armenian222;S_Armenian-2;Armenian;WestEurasia;Armenia;Genomic_from_blood;FullyPublic
C;LP6005441-DNA_D01;HGDP00090;S_Balochi-1;Balochi;SouthAsia;Pakistan;Genomic_from_cell_lines;FullyPublic
C;LP6005441-DNA_C01;HGDP00058;S_Balochi-2;Balochi;SouthAsia;Pakistan;Genomic_from_cell_lines;FullyPublic
C;LP6005441-DNA_A06;HGDP01153;S_Bergamo-1;Bergamo;WestEurasia;Italy(Bergamo);Genomic_from_cell_lines;FullyPublic
C;LP6005441-DNA_B06;HGDP01172;S_Bergamo-2;Bergamo;WestEurasia;Italy(Bergamo);Genomic_from_cell_lines;FullyPublic
C;LP6005443-DNA_C01;HGDP01217;S_Daur-1;Daur;EastAsia;China;Genomic_from_cell_lines;FullyPublic
C;LP6005441-DNA_F04;HGDP01215;S_Daur-2;Daur;EastAsia;China;Genomic_from_cell_lines;FullyPublic
C;LP6005443-DNA_F06;NA21490;S_Masai-1;Masai;Africa;Kenya;Genomic_from_cell_lines;FullyPublic
C;LP6005443-DNA_E06;NA21581;S_Masai-2;Masai;Africa;Kenya;Genomic_from_cell_lines;FullyPublic
C;LP6005441-DNA_G08;HGDP01253;S_Mozabite-1;Mozabite;Africa;Algeria;Genomic_from_cell_lines;FullyPublic
C;LP6005441-DNA_H08;HGDP01274;S_Mozabite-2;Mozabite;Africa;Algeria;Genomic_from_cell_lines;FullyPublic
C;LP6005441-DNA_E10;HGDP01047;S_Pima-1;Pima;America;Mexico;Genomic_from_cell_lines;FullyPublic
C;LP6005441-DNA_F10;HGDP01044;S_Pima-2;Pima;America;Mexico;Genomic_from_cell_lines;FullyPublic
C;LP6005441-DNA_G10;HGDP00887;S_Russian-1;Russian;WestEurasia;Russia;Genomic_from_cell_lines;FullyPublic
C;LP6005441-DNA_H10;HGDP00903;S_Russian-2;Russian;WestEurasia;Russia;Genomic_from_cell_lines;FullyPublic
C;LP6005441-DNA_C06;HGDP00749;S_Japanese-1;Japanese;EastAsia;Japan;Genomic_from_cell_lines;FullyPublic
C;LP6005442-DNA_F04;Jordan603;S_Jordanian-2;Jordanian;WestEurasia;Jordan;Genomic_from_blood;FullyPublic
C;LP6005443-DNA_G08;HGDP00991;S_Ju_hoan_North-1;Ju_hoan_North;Africa;Namibia;Genomic_from_cell_lines;FullyPublic
C;LP6005441-DNA_H09;HGDP00737;S_Palestinian-3;Palestinian;WestEurasia;Israel(Central);Genomic_from_cell_lines;FullyPublic
C;LP6005592-DNA_A04;HG02494;S_Punjabi-4;Punjabi;SouthAsia;Pakistan;Genomic_from_cell_lines;FullyPublic
C;LP6005441-DNA_A10;HGDP00541;S_Papuan-3;Papuan;Oceania;PapuaNewGuinea;Genomic_from_cell_lines;FullyPublic
C;LP6005442-DNA_C02;abh107;S_Abkhasian-1;Abkhasian;WestEurasia;Abkhazia;Genomic_from_blood;FullyPublic
C;LP6005442-DNA_D02;abh100;S_Abkhasian-2;Abkhasian;WestEurasia;Russia;Genomic_from_blood;FullyPublic
C;LP6005441-DNA_A01;HGDP01402;S_Adygei-1;Adygei;WestEurasia;Russia(Caucasus);Genomic_from_cell_lines;FullyPublic
C;LP6005441-DNA_B01;HGDP01401;S_Adygei-2;Adygei;WestEurasia;Russia(Caucasus);Genomic_from_cell_lines;FullyPublic
C;LP6005443-DNA_A03;Ale22;S_Aleut-1;Aleut;CentralAsiaSiberia;Russia;Genomic_from_blood;FullyPublic
C;LP6005443-DNA_H02;Ale20;S_Aleut-2;Aleut;CentralAsiaSiberia;Russia;Genomic_from_blood;FullyPublic
C;LP6005442-DNA_C07;NA13607;S_Ami-1;Ami;EastAsia;Taiwan;Genomic_from_cell_lines;FullyPublic
C;LP6005443-DNA_G05;NA13616;S_Ami-2;Ami;EastAsia;Taiwan;Genomic_from_cell_lines;FullyPublic
C;LP6005443-DNA_E02;HGDP01028;S_BantuHerero-1;BantuHerero;Africa;BotswanaOrNamibia;Genomic_from_cell_lines;FullyPublic
C;LP6005441-DNA_F01;HGDP01035;S_BantuHerero-2;BantuHerero;Africa;BotswanaOrNamibia;Genomic_from_cell_lines;FullyPublic
C;LP6005443-DNA_A01;HGDP01417;S_BantuKenya-1;BantuKenya;Africa;Kenya;Genomic_from_cell_lines;FullyPublic
C;LP6005441-DNA_B02;HGDP01414;S_BantuKenya-2;BantuKenya;Africa;Kenya;Genomic_from_cell_lines;FullyPublic
C;LP6005443-DNA_G02;HGDP01030;S_BantuTswana-1;BantuTswana;Africa;BotswanaOrNamibia;Genomic_from_cell_lines;FullyPublic
C;LP6005443-DNA_F02;HGDP01034;S_BantuTswana-2;BantuTswana;Africa;BotswanaOrNamibia;Genomic_from_cell_lines;FullyPublic
C;LP6005441-DNA_C02;HGDP01364;S_Basque-1;Basque;WestEurasia;France;Genomic_from_cell_lines;FullyPublic
C;LP6005441-DNA_D02;HGDP01365;S_Basque-2;Basque;WestEurasia;France;Genomic_from_cell_lines;FullyPublic
C;LP6005441-DNA_E02;HGDP00616;S_BedouinB-1;BedouinB;WestEurasia;Israel(Negev);Genomic_from_cell_lines;FullyPublic
C;LP6005441-DNA_F02;HGDP00650;S_BedouinB-2;BedouinB;WestEurasia;Israel(Negev);Genomic_from_cell_lines;FullyPublic
C;LP6005442-DNA_G09;HG03006;S_Bengali-1;Bengali;SouthAsia;Bangladesh;Genomic_from_cell_lines;FullyPublic
C;LP6005442-DNA_H09;HG03007;S_Bengali-2;Bengali;SouthAsia;Bangladesh;Genomic_from_cell_lines;FullyPublic
C;LP6005441-DNA_G02;HGDP00457;S_Biaka-1;Biaka;Africa;Central African Republic;Genomic_from_cell_lines;FullyPublic
C;LP6005441-DNA_H02;HGDP00461;S_Biaka-2;Biaka;Africa;Central African Republic;Genomic_from_cell_lines;FullyPublic
C;LP6005441-DNA_B03;HGDP00660;S_Bougainville-1;Bougainville;Oceania;PapuaNewGuinea;Genomic_from_cell_lines;FullyPublic
C;LP6005441-DNA_A03;HGDP00656;S_Bougainville-2;Bougainville;Oceania;PapuaNewGuinea;Genomic_from_cell_lines;FullyPublic
C;LP6005519-DNA_G03;B11;S_Brahmin-1;Brahmin;SouthAsia;India;Genomic_from_blood;FullyPublic
C;LP6005519-DNA_H03;B17;S_Brahmin-2;Brahmin;SouthAsia;India;Genomic_from_blood;FullyPublic
C;LP6005441-DNA_D03;HGDP00027;S_Brahui-1;Brahui;SouthAsia;Pakistan;Genomic_from_cell_lines;FullyPublic
C;LP6005441-DNA_C03;HGDP00019;S_Brahui-2;Brahui;SouthAsia;Pakistan;Genomic_from_cell_lines;FullyPublic
C;LP6005442-DNA_A03;BulgarianB4;S_Bulgarian-1;Bulgarian;WestEurasia;Bulgaria;Genomic_from_blood;FullyPublic
C;LP6005442-DNA_B03;BulgarianC1;S_Bulgarian-2;Bulgarian;WestEurasia;Bulgaria;Genomic_from_blood;FullyPublic
C;LP6005519-DNA_B06;Bu16;S_Burmese-1;Burmese;EastAsia;Myanmar;Genomic_from_saliva;FullyPublic
C;LP6005519-DNA_A06;Bu5;S_Burmese-2;Burmese;EastAsia;Myanmar;Genomic_from_saliva;FullyPublic
C;LP6005441-DNA_E03;HGDP00428;S_Burusho-1;Burusho;SouthAsia;Pakistan;Genomic_from_cell_lines;FullyPublic
C;LP6005441-DNA_F03;HGDP00338;S_Burusho-2;Burusho;SouthAsia;Pakistan;Genomic_from_cell_lines;FullyPublic
C;LP6005441-DNA_G03;HGDP00717;S_Cambodian-1;Cambodian;EastAsia;Cambodia;Genomic_from_cell_lines;FullyPublic
C;LP6005441-DNA_H03;HGDP00713;S_Cambodian-2;Cambodian;EastAsia;Cambodia;Genomic_from_cell_lines;FullyPublic
C;LP6005443-DNA_H08;DNK05;S_Dinka-1;Dinka;Africa;Sudan;Genomic_from_saliva;FullyPublic
C;LP6005443-DNA_B09;DNK11;S_Dinka-2;Dinka;Africa;Sudan;Genomic_from_saliva;FullyPublic
C;LP6005443-DNA_D01;HGDP00569;S_Druze-1;Druze;WestEurasia;Israel(Carmel);Genomic_from_cell_lines;FullyPublic
C;LP6005441-DNA_G04;HGDP00597;S_Druze-2;Druze;WestEurasia;Israel(Carmel);Genomic_from_cell_lines;FullyPublic
C;LP6005519-DNA_F06;Dus22;S_Dusun-1;Dusun;Oceania;Brunei;Genomic_from_saliva;FullyPublic
C;LP6005519-DNA_E06;Dus16;S_Dusun-2;Dusun;Oceania;Brunei;Genomic_from_saliva;FullyPublic
C;LP6005442-DNA_E10;HG00126;S_English-1;English;WestEurasia;England;Genomic_from_cell_lines;FullyPublic
C;LP6005442-DNA_F10;HG00128;S_English-2;English;WestEurasia;England;Genomic_from_cell_lines;FullyPublic
C;LP6005442-DNA_A10;HG03100;S_Esan-1;Esan;Africa;Nigeria;Genomic_from_cell_lines;FullyPublic
C;LP6005442-DNA_B10;HG02943;S_Esan-2;Esan;Africa;Nigeria;Genomic_from_cell_lines;FullyPublic
C;LP6005443-DNA_F03;Nesk_22;S_Eskimo_Naukan-1;Eskimo_Naukan;CentralAsiaSiberia;Russia;Genomic_from_blood;FullyPublic
C;LP6005443-DNA_G03;Nesk_25;S_Eskimo_Naukan-2;Eskimo_Naukan;CentralAsiaSiberia;Russia;Genomic_from_blood;FullyPublic
C;LP6005443-DNA_B03;Sir26;S_Eskimo_Sireniki-1;Eskimo_Sireniki;CentralAsiaSiberia;Russia;Genomic_from_blood;FullyPublic
C;LP6005443-DNA_H03;Sir40;S_Eskimo_Sireniki-2;Eskimo_Sireniki;CentralAsiaSiberia;Russia;Genomic_from_blood;FullyPublic
C;LP6005442-DNA_H03;Est375;S_Estonian-1;Estonian;WestEurasia;Estonia;Genomic_from_blood;FullyPublic
C;LP6005442-DNA_G03;Est400;S_Estonian-2;Estonian;WestEurasia;Estonia;Genomic_from_blood;FullyPublic
C;LP6005441-DNA_A05;HGDP00530;S_French-1;French;WestEurasia;France;Genomic_from_cell_lines;FullyPublic
C;LP6005441-DNA_B05;HGDP00526;S_French-2;French;WestEurasia;France;Genomic_from_cell_lines;FullyPublic
C;LP6005442-DNA_G10;HG02464;S_Gambian-1;Gambian;Africa;Gambia;Genomic_from_cell_lines;FullyPublic
C;LP6005442-DNA_H10;HG02574;S_Gambian-2;Gambian;Africa;Gambia;Genomic_from_cell_lines;FullyPublic
C;LP6005442-DNA_B04;mg27;S_Georgian-1;Georgian;WestEurasia;Georgia;Genomic_from_blood;FullyPublic
C;LP6005442-DNA_A04;mg31;S_Georgian-2;Georgian;WestEurasia;Georgia;Genomic_from_blood;FullyPublic
C;LP6005442-DNA_G07;NA17377;S_Greek-1;Greek;WestEurasia;Greece;Genomic_from_cell_lines;FullyPublic
C;LP6005443-DNA_A06;NA17374;S_Greek-2;Greek;WestEurasia;Greece;Genomic_from_cell_lines;FullyPublic
C;LP6005441-DNA_D05;HGDP00783;S_Han-1;Han;EastAsia;China;Genomic_from_cell_lines;FullyPublic
C;LP6005441-DNA_C05;HGDP00785;S_Han-2;Han;EastAsia;China;Genomic_from_cell_lines;FullyPublic
C;LP6005441-DNA_F05;HGDP00124;S_Hazara-1;Hazara;SouthAsia;Pakistan;Genomic_from_cell_lines;FullyPublic
C;LP6005441-DNA_E05;HGDP00125;S_Hazara-2;Hazara;SouthAsia;Pakistan;Genomic_from_cell_lines;FullyPublic
C;LP6005441-DNA_G05;HGDP01240;S_Hezhen-1;Hezhen;EastAsia;China;Genomic_from_cell_lines;FullyPublic
C;LP6005441-DNA_H05;HGDP01242;S_Hezhen-2;Hezhen;EastAsia;China;Genomic_from_cell_lines;FullyPublic
C;LP6005442-DNA_B08;NA15203;S_Hungarian-1;Hungarian;WestEurasia;Hungary;Genomic_from_cell_lines;FullyPublic
C;LP6005442-DNA_A08;NA15202;S_Hungarian-2;Hungarian;WestEurasia;Hungary;Genomic_from_cell_lines;FullyPublic
C;LP6005442-DNA_D08;NA15761;S_Icelandic-1;Icelandic;WestEurasia;Iceland;Genomic_from_cell_lines;FullyPublic
C;LP6005443-DNA_B06;NA15763;S_Icelandic-2;Icelandic;WestEurasia;Iceland;Genomic_from_cell_lines;FullyPublic
C;LP6005519-DNA_C06;Igor20;S_Igorot-1;Igorot;Oceania;Philippines;Genomic_from_saliva;FullyPublic
C;LP6005519-DNA_D06;Igor21;S_Igorot-2;Igorot;Oceania;Philippines;Genomic_from_saliva;FullyPublic
C;LP6005442-DNA_C04;iran17;S_Iranian-1;Iranian;WestEurasia;Iran;Genomic_from_blood;FullyPublic
C;LP6005443-DNA_B10;iran11;S_Iranian-2;Iranian;WestEurasia;Iran;Genomic_from_blood;FullyPublic
C;LP6005592-DNA_F01;IraqiJew1771;S_Iraqi_Jew-1;Iraqi_Jew;WestEurasia;Iraq;Genomic_from_cell_lines;FullyPublic
C;LP6005592-DNA_E01;IraqiJew4291;S_Iraqi_Jew-2;Iraqi_Jew;WestEurasia;Iraq;Genomic_from_cell_lines;FullyPublic
C;LP6005519-DNA_C05;I1;S_Irula-1;Irula;SouthAsia;India;Genomic_from_blood;FullyPublic
C;LP6005519-DNA_D05;I3;S_Irula-2;Irula;SouthAsia;India;Genomic_from_blood;FullyPublic
C;LP6005441-DNA_E06;HGDP00328;S_Kalash-1;Kalash;SouthAsia;Pakistan;Genomic_from_cell_lines;FullyPublic
C;LP6005441-DNA_F06;HGDP00286;S_Kalash-2;Kalash;SouthAsia;Pakistan;Genomic_from_cell_lines;FullyPublic
C;LP6005519-DNA_A04;K1;S_Kapu-1;Kapu;SouthAsia;India;Genomic_from_blood;FullyPublic
C;LP6005519-DNA_B04;K4;S_Kapu-2;Kapu;SouthAsia;India;Genomic_from_blood;FullyPublic
C;LP6005441-DNA_G06;HGDP01012;S_Karitiana-1;Karitiana;America;Brazil;Genomic_from_cell_lines;FullyPublic
C;LP6005441-DNA_H06;HGDP01018;S_Karitiana-2;Karitiana;America;Brazil;Genomic_from_cell_lines;FullyPublic
C;LP6005677-DNA_D03;SA0342;S_Khomani_San-1;Khomani_San;Africa;SouthAfrica;Genomic_from_saliva;FullyPublic
C;LP6005592-DNA_C05;SA0722;S_Khomani_San-2;Khomani_San;Africa;SouthAfrica;Genomic_from_saliva;FullyPublic
C;LP6005442-DNA_D11;HG01600;S_Kinh-1;Kinh;EastAsia;Vietnam;Genomic_from_cell_lines;FullyPublic
C;LP6005442-DNA_C11;HG01846;S_Kinh-2;Kinh;EastAsia;Vietnam;Genomic_from_cell_lines;FullyPublic
C;LP6005443-DNA_D06;ND19394;S_Korean-1;Korean;EastAsia;Korea;Genomic_from_cell_lines;FullyPublic
C;LP6005443-DNA_C06;NA00726;S_Korean-2;Korean;EastAsia;Korea;Genomic_from_cell_lines;FullyPublic
C;LP6005443-DNA_C09;Kusunda02;S_Kusunda-1;Kusunda;SouthAsia;Nepal;Genomic_from_saliva;FullyPublic
C;LP6005443-DNA_D09;Kusunda15;S_Kusunda-2;Kusunda;SouthAsia;Nepal;Genomic_from_saliva;FullyPublic
C;LP6005677-DNA_B02;Bishkek28440;S_Kyrgyz-1;Kyrgyz;CentralAsiaSiberia;Kyrgyzystan;Genomic_from_blood;FullyPublic
C;LP6005677-DNA_A02;Bishkek28439;S_Kyrgyz-2;Kyrgyz;CentralAsiaSiberia;Kyrgyzystan;Genomic_from_blood;FullyPublic
C;LP6005441-DNA_B07;HGDP01323;S_Lahu-1;Lahu;EastAsia;China;Genomic_from_cell_lines;FullyPublic
C;LP6005443-DNA_E01;HGDP01320;S_Lahu-2;Lahu;EastAsia;China;Genomic_from_cell_lines;FullyPublic
C;LP6005442-DNA_H04;lez49;S_Lezgin-1;Lezgin;WestEurasia;Russia;Genomic_from_blood;FullyPublic
C;LP6005442-DNA_G04;lez42;S_Lezgin-2;Lezgin;WestEurasia;Russia;Genomic_from_blood;FullyPublic
C;LP6005442-DNA_F11;NA19023;S_Luhya-1;Luhya;Africa;Kenya;Genomic_from_cell_lines;FullyPublic
C;LP6005442-DNA_E11;NA19044;S_Luhya-2;Luhya;Africa;Kenya;Genomic_from_cell_lines;FullyPublic
C;LP6005677-DNA_G01;Ayodo_430C;S_Luo-1;Luo;Africa;Kenya;Genomic_from_blood;FullyPublic
C;LP6005442-DNA_F09;Ayodo_502C;S_Luo-2;Luo;Africa;Kenya;Genomic_from_blood;FullyPublic
C;LP6005519-DNA_G04;M4;S_Madiga-1;Madiga;SouthAsia;India;Genomic_from_blood;FullyPublic
C;LP6005519-DNA_H04;M13;S_Madiga-2;Madiga;SouthAsia;India;Genomic_from_blood;FullyPublic
C;LP6005441-DNA_C07;HGDP00160;S_Makrani-1;Makrani;SouthAsia;Pakistan;Genomic_from_cell_lines;FullyPublic
C;LP6005441-DNA_D07;HGDP00157;S_Makrani-2;Makrani;SouthAsia;Pakistan;Genomic_from_cell_lines;FullyPublic
C;LP6005519-DNA_E04;ML2;S_Mala-2;Mala;SouthAsia;India;Genomic_from_blood;FullyPublic
C;LP6005519-DNA_F04;ML3;S_Mala-3;Mala;SouthAsia;India;Genomic_from_blood;FullyPublic
C;LP6005441-DNA_E07;HGDP01199;S_Mandenka-1;Mandenka;Africa;Senegal;Genomic_from_cell_lines;FullyPublic
C;LP6005441-DNA_F07;HGDP00915;S_Mandenka-2;Mandenka;Africa;Senegal;Genomic_from_cell_lines;FullyPublic
C;LP6005443-DNA_F04;Mansi79;S_Mansi-1;Mansi;CentralAsiaSiberia;Russia;Genomic_from_blood;FullyPublic
C;LP6005443-DNA_G04;Mansi41;S_Mansi-2;Mansi;CentralAsiaSiberia;Russia;Genomic_from_blood;FullyPublic
C;LP6005441-DNA_G07;HGDP00855;S_Mayan-1;Mayan;America;Mexico;Genomic_from_cell_lines;FullyPublic
C;LP6005441-DNA_H07;HGDP00857;S_Mayan-2;Mayan;America;Mexico;Genomic_from_cell_lines;FullyPublic
C;LP6005442-DNA_G11;HG03078;S_Mende-1;Mende;Africa;SierraLeone;Genomic_from_cell_lines;FullyPublic
C;LP6005442-DNA_H11;HG03085;S_Mende-2;Mende;Africa;SierraLeone;Genomic_from_cell_lines;FullyPublic
C;LP6005441-DNA_C08;HGDP01191;S_Miao-1;Miao;EastAsia;China;Genomic_from_cell_lines;FullyPublic
C;LP6005441-DNA_D08;HGDP01198;S_Miao-2;Miao;EastAsia;China;Genomic_from_cell_lines;FullyPublic
C;LP6005443-DNA_E11;mixe0002;S_Mixe-2;Mixe;America;Mexico;Genomic_from_cell_lines;FullyPublic
C;LP6005443-DNA_F11;mixe0042;S_Mixe-3;Mixe;America;Mexico;Genomic_from_cell_lines;FullyPublic
C;LP6005443-DNA_G11;mixa0099;S_Mixtec-1;Mixtec;America;Mexico;Genomic_from_cell_lines;FullyPublic
C;LP6005443-DNA_H11;mixa0105;S_Mixtec-2;Mixtec;America;Mexico;Genomic_from_cell_lines;FullyPublic
C;LP6005441-DNA_E08;HGDP01228;S_Mongola-1;Mongola;CentralAsiaSiberia;China;Genomic_from_cell_lines;FullyPublic
C;LP6005441-DNA_F08;HGDP01223;S_Mongola-2;Mongola;CentralAsiaSiberia;China;Genomic_from_cell_lines;FullyPublic
C;LP6005443-DNA_E10;NorthOssetia12;S_North_Ossetian-1;North_Ossetian;WestEurasia;Russia;Genomic_from_blood;FullyPublic
C;LP6005443-DNA_F10;NorthOssetia5;S_North_Ossetian-2;North_Ossetian;WestEurasia;Russia;Genomic_from_blood;FullyPublic
C;LP6005441-DNA_C09;HGDP00798;S_Orcadian-1;Orcadian;WestEurasia;OrkneyIslands;Genomic_from_cell_lines;FullyPublic
C;LP6005441-DNA_D09;HGDP00796;S_Orcadian-2;Orcadian;WestEurasia;OrkneyIslands;Genomic_from_cell_lines;FullyPublic
C;LP6005441-DNA_E09;HGDP01203;S_Oroqen-1;Oroqen;EastAsia;China;Genomic_from_cell_lines;FullyPublic
C;LP6005441-DNA_F09;HGDP01211;S_Oroqen-2;Oroqen;EastAsia;China;Genomic_from_cell_lines;FullyPublic
C;LP6005441-DNA_C10;HGDP00216;S_Pathan-1;Pathan;SouthAsia;Pakistan;Genomic_from_cell_lines;FullyPublic
C;LP6005441-DNA_D10;HGDP00232;S_Pathan-2;Pathan;SouthAsia;Pakistan;Genomic_from_cell_lines;FullyPublic
C;LP6005441-DNA_A04;HGDP00702;S_Piapoco-1;Piapoco;America;Colombia;Genomic_from_cell_lines;FullyPublic
C;LP6005441-DNA_B04;HGDP00706;S_Piapoco-2;Piapoco;America;Colombia;Genomic_from_cell_lines;FullyPublic
C;LP6005519-DNA_A05;R3;S_Relli-1;Relli;SouthAsia;India;Genomic_from_blood;FullyPublic
C;LP6005519-DNA_B05;R6;S_Relli-2;Relli;SouthAsia;India;Genomic_from_blood;FullyPublic
C;LP6005592-DNA_C01;Utsa21;S_Saami-1;Saami;WestEurasia;Finland;Genomic_from_saliva;FullyPublic
C;LP6005592-DNA_D01;Utsa22;S_Saami-2;Saami;WestEurasia;Finland;Genomic_from_saliva;FullyPublic
C;LP6005619-DNA_B01;SAH31;S_Saharawi-1;Saharawi;Africa;Western Sahara (Morocco);Genomic_from_blood;FullyPublic
C;LP6005619-DNA_C01;SAH41;S_Saharawi-2;Saharawi;Africa;Western Sahara (Morocco);Genomic_from_blood;FullyPublic
C;LP6005441-DNA_C11;HGDP01079;S_Sardinian-1;Sardinian;WestEurasia;Italy(Sardinia);Genomic_from_cell_lines;FullyPublic
C;LP6005441-DNA_D11;HGDP01078;S_Sardinian-2;Sardinian;WestEurasia;Italy(Sardinia);Genomic_from_cell_lines;FullyPublic
C;LP6005443-DNA_G01;HGDP01335;S_She-1;She;EastAsia;China;Genomic_from_cell_lines;FullyPublic
C;LP6005443-DNA_F01;HGDP01333;S_She-2;She;EastAsia;China;Genomic_from_cell_lines;FullyPublic
C;LP6005441-DNA_G11;HGDP00208;S_Sindhi-1;Sindhi;SouthAsia;Pakistan;Genomic_from_cell_lines;FullyPublic
C;LP6005441-DNA_H11;HGDP00195;S_Sindhi-2;Sindhi;SouthAsia;Pakistan;Genomic_from_cell_lines;FullyPublic
C;LP6005442-DNA_A11;HG01503;S_Spanish-1;Spanish;WestEurasia;Spain;Genomic_from_cell_lines;FullyPublic
C;LP6005442-DNA_B11;HG01504;S_Spanish-2;Spanish;WestEurasia;Spain;Genomic_from_cell_lines;FullyPublic
C;LP6005441-DNA_A12;HGDP00846;S_Surui-1;Surui;America;Brazil;Genomic_from_cell_lines;FullyPublic
C;LP6005441-DNA_B12;HGDP00852;S_Surui-2;Surui;America;Brazil;Genomic_from_cell_lines;FullyPublic
C;LP6005519-DNA_C03;tdj409_shugnan;S_Tajik-1;Tajik;WestEurasia;Tajikistan;Genomic_from_blood;FullyPublic
C;LP6005519-DNA_D03;tdj430_shugnan;S_Tajik-2;Tajik;WestEurasia;Tajikistan;Genomic_from_blood;FullyPublic
C;LP6005443-DNA_A07;CHI-007;S_Thai-1;Thai;EastAsia;Thailand;Genomic_from_cell_lines;FullyPublic
C;LP6005443-DNA_B07;CHI-034;S_Thai-2;Thai;EastAsia;Thailand;Genomic_from_cell_lines;FullyPublic
C;LP6005443-DNA_E05;Ale32;S_Tlingit-1;Tlingit;CentralAsiaSiberia;Russia;Genomic_from_blood;FullyPublic
C;LP6005443-DNA_D05;Ale14;S_Tlingit-2;Tlingit;CentralAsiaSiberia;Russia;Genomic_from_blood;FullyPublic
C;LP6005443-DNA_H01;HGDP01350;S_Tu-1;Tu;EastAsia;China;Genomic_from_cell_lines;FullyPublic
C;LP6005441-DNA_D12;HGDP01355;S_Tu-2;Tu;EastAsia;China;Genomic_from_cell_lines;FullyPublic
C;LP6005442-DNA_F12;Tuba19;S_Tubalar-1;Tubalar;CentralAsiaSiberia;Russia;Genomic_from_blood;FullyPublic
C;LP6005442-DNA_E12;Tuba9;S_Tubalar-2;Tubalar;CentralAsiaSiberia;Russia;Genomic_from_blood;FullyPublic
C;LP6005443-DNA_A02;HGDP01095;S_Tujia-1;Tujia;EastAsia;China;Genomic_from_cell_lines;FullyPublic
C;LP6005441-DNA_F12;HGDP01098;S_Tujia-2;Tujia;EastAsia;China;Genomic_from_cell_lines;FullyPublic
C;LP6005677-DNA_C03;Kayseri23827;S_Turkish-1;Turkish;WestEurasia;Turkey;Genomic_from_blood;FullyPublic
C;LP6005677-DNA_A03;Kayseri24424;S_Turkish-2;Turkish;WestEurasia;Turkey;Genomic_from_blood;FullyPublic
C;LP6005441-DNA_H12;HGDP01168;S_Tuscan-1;Tuscan;WestEurasia;Italy(Tuscany);Genomic_from_cell_lines;FullyPublic
C;LP6005441-DNA_G12;HGDP01163;S_Tuscan-2;Tuscan;WestEurasia;Italy(Tuscany);Genomic_from_cell_lines;FullyPublic
C;LP6005442-DNA_H12;Ul31;S_Ulchi-1;Ulchi;CentralAsiaSiberia;Russia;Genomic_from_blood;FullyPublic
C;LP6005442-DNA_G12;Ul5;S_Ulchi-2;Ulchi;CentralAsiaSiberia;Russia;Genomic_from_blood;FullyPublic
C;LP6005442-DNA_B01;HGDP01306;S_Uygur-1;Uygur;EastAsia;China;Genomic_from_cell_lines;FullyPublic
C;LP6005443-DNA_B02;HGDP01297;S_Uygur-2;Uygur;EastAsia;China;Genomic_from_cell_lines;FullyPublic
C;LP6005442-DNA_D01;HGDP01250;S_Xibo-1;Xibo;EastAsia;China;Genomic_from_cell_lines;FullyPublic
C;LP6005443-DNA_C02;HGDP01246;S_Xibo-2;Xibo;EastAsia;China;Genomic_from_cell_lines;FullyPublic
C;LP6005519-DNA_C04;Y4;S_Yadava-1;Yadava;SouthAsia;India;Genomic_from_blood;FullyPublic
C;LP6005519-DNA_D04;Y8;S_Yadava-2;Yadava;SouthAsia;India;Genomic_from_blood;FullyPublic
C;LP6005442-DNA_F01;HGDP00956;S_Yakut-1;Yakut;CentralAsiaSiberia;Russia;Genomic_from_cell_lines;FullyPublic
C;LP6005443-DNA_D02;HGDP00951;S_Yakut-2;Yakut;CentralAsiaSiberia;Russia;Genomic_from_cell_lines;FullyPublic
C;LP6005592-DNA_H01;YemeniteJew4695;S_Yemenite_Jew-1;Yemenite_Jew;WestEurasia;Yemen;Genomic_from_cell_lines;FullyPublic
C;LP6005592-DNA_G01;YemeniteJew5433;S_Yemenite_Jew-2;Yemenite_Jew;WestEurasia;Yemen;Genomic_from_cell_lines;FullyPublic
C;LP6005442-DNA_G01;HGDP01179;S_Yi-1;Yi;EastAsia;China;Genomic_from_cell_lines;FullyPublic
C;LP6005442-DNA_H01;HGDP01188;S_Yi-2;Yi;EastAsia;China;Genomic_from_cell_lines;FullyPublic
C;LP6005442-DNA_B02;HGDP00928;S_Yoruba-1;Yoruba;Africa;Nigeria;Genomic_from_cell_lines;FullyPublic
C;LP6005442-DNA_A02;HGDP00932;S_Yoruba-2;Yoruba;Africa;Nigeria;Genomic_from_cell_lines;FullyPublic
C;LP6005443-DNA_A12;zapo0098;S_Zapotec-1;Zapotec;America;Mexico;Genomic_from_cell_lines;FullyPublic
C;LP6005677-DNA_D01;zapo0099;S_Zapotec-2;Zapotec;America;Mexico;Genomic_from_cell_lines;FullyPublic
C;LP6005592-DNA_D03;HGDP01314;S_Dai-1;Dai;EastAsia;China;Genomic_from_cell_lines;FullyPublic
C;LP6005443-DNA_B01;HGDP01312;S_Dai-2;Dai;EastAsia;China;Genomic_from_cell_lines;FullyPublic
C;LP6005441-DNA_D04;HGDP01315;S_Dai-3;Dai;EastAsia;China;Genomic_from_cell_lines;FullyPublic
C;LP6005592-DNA_F03;Nlk1;S_Even-1;Even;CentralAsiaSiberia;Russia;Genomic_from_blood;FullyPublic
C;LP6005443-DNA_C04;Nlk18;S_Even-2;Even;CentralAsiaSiberia;Russia;Genomic_from_blood;FullyPublic
C;LP6005443-DNA_B04;Nlk3;S_Even-3;Even;CentralAsiaSiberia;Russia;Genomic_from_blood;FullyPublic
C;LP6005442-DNA_D10;HG00174;S_Finnish-1;Finnish;WestEurasia;Finland;Genomic_from_cell_lines;FullyPublic
C;LP6005442-DNA_C10;HG00190;S_Finnish-2;Finnish;WestEurasia;Finland;Genomic_from_cell_lines;FullyPublic
C;LP6005592-DNA_A02;HG00360;S_Finnish-3;Finnish;WestEurasia;Finland;Genomic_from_cell_lines;FullyPublic
C;LP6005441-DNA_D06;HGDP00773;S_Japanese-2;Japanese;EastAsia;Japan;Genomic_from_cell_lines;FullyPublic
C;LP6005592-DNA_C02;NA18940;S_Japanese-3;Japanese;EastAsia;Japan;Genomic_from_cell_lines;FullyPublic
C;LP6005592-DNA_G03;Jordan445;S_Jordanian-1;Jordanian;WestEurasia;Jordan;Genomic_from_blood;FullyPublic
C;LP6005442-DNA_E04;Jordan214;S_Jordanian-3;Jordanian;WestEurasia;Jordan;Genomic_from_blood;FullyPublic
C;LP6005441-DNA_B11;HGDP00987;S_Ju_hoan_North-2;Ju_hoan_North;Africa;Namibia;Genomic_from_cell_lines;FullyPublic
C;LP6005441-DNA_A11;HGDP01032;S_Ju_hoan_North-3;Ju_hoan_North;Africa;Namibia;Genomic_from_cell_lines;FullyPublic
C;LP6005592-DNA_C03;HGDP00474;S_Mbuti-1;Mbuti;Africa;Congo;Genomic_from_cell_lines;FullyPublic
C;LP6005441-DNA_B08;HGDP00476;S_Mbuti-2;Mbuti;Africa;Congo;Genomic_from_cell_lines;FullyPublic
C;LP6005441-DNA_A08;HGDP00449;S_Mbuti-3;Mbuti;Africa;Congo;Genomic_from_cell_lines;FullyPublic
C;LP6005443-DNA_E09;HGDP01338;S_Naxi-1;Naxi;EastAsia;China;Genomic_from_cell_lines;FullyPublic
C;LP6005441-DNA_B09;HGDP01345;S_Naxi-3;Naxi;EastAsia;China;Genomic_from_cell_lines;FullyPublic
C;LP6005592-DNA_B03;HGDP00722;S_Palestinian-1;Palestinian;WestEurasia;Israel(Central);Genomic_from_cell_lines;FullyPublic
C;LP6005441-DNA_G09;HGDP00725;S_Palestinian-2;Palestinian;WestEurasia;Israel(Central);Genomic_from_cell_lines;FullyPublic
C;LP6005677-DNA_F01;NA11201;S_Quechua-1;Quechua;America;Peru;Genomic_from_cell_lines;FullyPublic
C;LP6005677-DNA_E01;NA11200;S_Quechua-2;Quechua;America;Peru;Genomic_from_cell_lines;FullyPublic
C;LP6005519-DNA_G02;Peru60;S_Quechua-3;Quechua;America;Peru;Genomic_from_blood;FullyPublic
C;LP6005592-DNA_B04;HG02724;S_Punjabi-1;Punjabi;SouthAsia;Pakistan;Genomic_from_cell_lines;FullyPublic
C;LP6005442-DNA_A12;HG02783;S_Punjabi-2;Punjabi;SouthAsia;Pakistan;Genomic_from_cell_lines;FullyPublic
C;LP6005442-DNA_B12;HG02790;S_Punjabi-3;Punjabi;SouthAsia;Pakistan;Genomic_from_cell_lines;FullyPublic
C;LP6005441-DNA_B10;HGDP00550;S_Papuan-1;Papuan;Oceania;PapuaNewGuinea;Genomic_from_cell_lines;FullyPublic
C;LP6005443-DNA_B08;HGDP00553;S_Papuan-10;Papuan;Oceania;PapuaNewGuinea;Genomic_from_cell_lines;FullyPublic
C;LP6005443-DNA_C07;HGDP00555;S_Papuan-11;Papuan;Oceania;PapuaNewGuinea;Genomic_from_cell_lines;FullyPublic
C;LP6005443-DNA_G07;HGDP00556;S_Papuan-12;Papuan;Oceania;PapuaNewGuinea;Genomic_from_cell_lines;FullyPublic
C;LP6005443-DNA_D08;HGDP00552;S_Papuan-13;Papuan;Oceania;PapuaNewGuinea;Genomic_from_cell_lines;FullyPublic
C;LP6005443-DNA_E08;HGDP00554;S_Papuan-14;Papuan;Oceania;PapuaNewGuinea;Genomic_from_cell_lines;FullyPublic
C;LP6005443-DNA_H07;HGDP00540;S_Papuan-2;Papuan;Oceania;PapuaNewGuinea;Genomic_from_cell_lines;FullyPublic
C;LP6005443-DNA_E07;HGDP00543;S_Papuan-4;Papuan;Oceania;PapuaNewGuinea;Genomic_from_cell_lines;FullyPublic
C;LP6005443-DNA_D07;HGDP00545;S_Papuan-5;Papuan;Oceania;PapuaNewGuinea;Genomic_from_cell_lines;FullyPublic
C;LP6005443-DNA_C08;HGDP00547;S_Papuan-6;Papuan;Oceania;PapuaNewGuinea;Genomic_from_cell_lines;FullyPublic
C;LP6005443-DNA_F07;HGDP00548;S_Papuan-7;Papuan;Oceania;PapuaNewGuinea;Genomic_from_cell_lines;FullyPublic
C;LP6005443-DNA_A08;HGDP00549;S_Papuan-8;Papuan;Oceania;PapuaNewGuinea;Genomic_from_cell_lines;FullyPublic
C;LP6005443-DNA_F08;HGDP00551;S_Papuan-9;Papuan;Oceania;PapuaNewGuinea;Genomic_from_cell_lines;FullyPublic
B;LP6007076-DNA_A01;SS6004486;BR_Kashmiri_Pandit-1;Kashmiri_Pandit;SouthAsia;India;Genomic_from_blood;SignedLetterNoDelay
B;LP6007071-DNA_A01;SS6004481;BR_Kharia-1;Kharia;SouthAsia;India;Genomic_from_blood;SignedLetterNoDelay
B;LP6007072-DNA_A01;SS6004482;BR_Kurumba-1;Kurumba;SouthAsia;India;Genomic_from_blood;SignedLetterNoDelay
B;LP6007075-DNA_A01;SS6004485;BR_Mala-1;Mala;SouthAsia;India;Genomic_from_blood;SignedLetterNoDelay
B;LP6007073-DNA_A01;SS6004483;BR_Onge-1;Onge;SouthAsia;India;Genomic_from_blood;SignedLetterNoDelay
B;LP6007074-DNA_A01;SS6004484;BR_Onge-2;Onge;SouthAsia;India;Genomic_from_blood;SignedLetterNoDelay
C;LP6005519-DNA_A09;COKN016;S_Kongo-2;Kongo;Africa;Congo;Genomic_from_blood;SignedLetterNoDelay
C;LP6005519-DNA_A03;Mex02;S_Nahua-1;Nahua;America;Mexico;Genomic_from_saliva;SignedLetterNoDelay
C;LP6005519-DNA_B03;Mex20;S_Nahua-2;Nahua;America;Mexico;Genomic_from_saliva;SignedLetterNoDelay
C;LP6005442-DNA_H06;NAD93;S_Chipewyan-1;Chipewyan;America;Canada;Genomic_from_blood;SignedLetterNoDelay
C;LP6005443-DNA_F05;NAD59;S_Chipewyan-2;Chipewyan;America;Canada;Genomic_from_blood;SignedLetterNoDelay
C;LP6005442-DNA_A07;Cree5;S_Cree-1;Cree;America;Canada;Genomic_from_blood;SignedLetterNoDelay
C;LP6005442-DNA_B07;Cree6;S_Cree-2;Cree;America;Canada;Genomic_from_blood;SignedLetterNoDelay
C;LP6005519-DNA_A12;NGIB034;S_Igbo-1;Igbo;Africa;Nigeria;Genomic_from_blood;SignedLetterNoDelay
C;LP6005519-DNA_B12;NGIB042;S_Igbo-2;Igbo;Africa;Nigeria;Genomic_from_blood;SignedLetterNoDelay
C;LP6005677-DNA_C04;CALM031;S_Lemande-1;Lemande;Africa;Cameroon;Genomic_from_blood;SignedLetterNoDelay
C;LP6005677-DNA_D04;CALM016;S_Lemande-2;Lemande;Africa;Cameroon;Genomic_from_blood;SignedLetterNoDelay
C;LP6005592-DNA_E05;ADR1;T_Sherpa-1;Sherpa;SouthAsia;Nepal;Genomic from saliva;SignedLetterNoDelay
C;LP6005592-DNA_F05;ADR2;T_Sherpa-2;Sherpa;SouthAsia;Nepal;Genomic from saliva;SignedLetterNoDelay
C;LP6005592-DNA_G05;ADR3;T_Tibetan-1;Tibetan;SouthAsia;Tibet;Genomic from saliva;SignedLetterNoDelay
C;LP6005619-DNA_A01;ADR4;T_Tibetan-2;Tibetan;SouthAsia;Tibet;Genomic from saliva;SignedLetterNoDelay
C;LP6005519-DNA_C09;ETAR011;T_Aari-1;Aari;Africa;Ethiopia;Genomic_from_blood;SignedLetterDelay
C;LP6005519-DNA_D09;ETAR005;T_Aari-2;Aari;Africa;Ethiopia;Genomic_from_blood;SignedLetterDelay
C;LP6005519-DNA_E09;ETAI021;T_Agaw-1;Agaw;Africa;Ethiopia;Genomic_from_blood;SignedLetterDelay
C;LP6005519-DNA_F09;ETAI032;T_Agaw-2;Agaw;Africa;Ethiopia;Genomic_from_blood;SignedLetterDelay
C;LP6005519-DNA_G09;ETAM046;T_Amhara-1;Amhara;Africa;Ethiopia;Genomic_from_blood;SignedLetterDelay
C;LP6005519-DNA_H09;ETAM048;T_Amhara-2;Amhara;Africa;Ethiopia;Genomic_from_blood;SignedLetterDelay
C;LP6005519-DNA_G06;CAPB016;T_Baka-1;Baka;Africa;Cameroon;Genomic_from_blood;SignedLetterDelay
C;LP6005677-DNA_E03;CAPB007;T_Baka-2;Baka;Africa;Cameroon;Genomic_from_blood;SignedLetterDelay
C;LP6005677-DNA_F03;CAPL056;T_Bakola-1;Bakola;Africa;Cameroon;Genomic_from_blood;SignedLetterDelay
C;LP6005677-DNA_G03;CAPL044;T_Bakola-2;Bakola;Africa;Cameroon;Genomic_from_blood;SignedLetterDelay
C;LP6005519-DNA_C07;CAPM001;T_Bedzan-1;Bedzan;Africa;Cameroon;Genomic_from_blood;SignedLetterDelay
C;LP6005677-DNA_H03;CAPM019;T_Bedzan-2;Bedzan;Africa;Cameroon;Genomic_from_blood;SignedLetterDelay
C;LP6005519-DNA_E08;CHBU007;T_Bulala-1;Bulala;Africa;Chad;Genomic_from_blood;SignedLetterDelay
C;LP6005519-DNA_F08;CHBU001;T_Bulala-2;Bulala;Africa;Chad;Genomic_from_blood;SignedLetterDelay
C;LP6005519-DNA_G10;KEEL005B;T_Elmolo-1;Elmolo;Africa;Kenya;Genomic_from_blood;SignedLetterDelay
C;LP6005519-DNA_H10;KEEL023A;T_Elmolo-2;Elmolo;Africa;Kenya;Genomic_from_blood;SignedLetterDelay
C;LP6005677-DNA_A04;CAMF011;T_Fulani-1;Fulani;Africa;Cameroon;Genomic_from_blood;SignedLetterDelay
C;LP6005677-DNA_B04;CAMF023;T_Fulani-2;Fulani;Africa;Cameroon;Genomic_from_blood;SignedLetterDelay
C;LP6005519-DNA_D12;TZHZ027;T_Hadza-1;Hadza;Africa;Tanzania;Genomic_from_blood;SignedLetterDelay
C;LP6005519-DNA_C12;TZHZ018;T_Hadza-2;Hadza;Africa;Tanzania;Genomic_from_blood;SignedLetterDelay
C;LP6005519-DNA_F12;TZIQ045;T_Iraqw-1;Iraqw;Africa;Tanzania;Genomic_from_blood;SignedLetterDelay
C;LP6005519-DNA_E12;TZIQ065;T_Iraqw-2;Iraqw;Africa;Tanzania;Genomic_from_blood;SignedLetterDelay
C;LP6005519-DNA_C08;CARKA005;T_Kaba-1;Kaba;Africa;CentralAfricanRepublic;Genomic_from_blood;SignedLetterDelay
C;LP6005519-DNA_D08;CARKA030;T_Kaba-2;Kaba;Africa;CentralAfricanRepublic;Genomic_from_blood;SignedLetterDelay
C;LP6005519-DNA_A11;KEGK001;T_Kikuyu-1;Kikuyu;Africa;Kenya;Genomic_from_blood;SignedLetterDelay
C;LP6005519-DNA_B11;KEGK032;T_Kikuyu-2;Kikuyu;Africa;Kenya;Genomic_from_blood;SignedLetterDelay
C;LP6005519-DNA_G08;CHLA001;T_Laka-1;Laka;Africa;Chad;Genomic_from_blood;SignedLetterDelay
C;LP6005677-DNA_E04;CHLA074;T_Laka-2;Laka;Africa;Chad;Genomic_from_blood;SignedLetterDelay
C;LP6005519-DNA_A08;CAMD042;T_Mada-1;Mada;Africa;Cameroon;Genomic_from_blood;SignedLetterDelay
C;LP6005519-DNA_B08;CAMD045;T_Mada-2;Mada;Africa;Cameroon;Genomic_from_blood;SignedLetterDelay
C;LP6005519-DNA_A10;ETMS008;T_Mursi-1;Mursi;Africa;Ethiopia;Genomic_from_blood;SignedLetterDelay
C;LP6005519-DNA_B10;ETMS033;T_Mursi-2;Mursi;Africa;Ethiopia;Genomic_from_blood;SignedLetterDelay
C;LP6005519-DNA_E10;CANG014;T_Ngumba-1;Ngumba;Africa;Cameroon;Genomic_from_blood;SignedLetterDelay
C;LP6005519-DNA_F10;CANG007;T_Ngumba-2;Ngumba;Africa;Cameroon;Genomic_from_blood;SignedLetterDelay
C;LP6005519-DNA_C11;KEOG013;T_Ogiek-1;Ogiek;Africa;Kenya;Genomic_from_blood;SignedLetterDelay
C;LP6005519-DNA_D11;KEOG015;T_Ogiek-2;Ogiek;Africa;Kenya;Genomic_from_blood;SignedLetterDelay
C;LP6005519-DNA_E11;KERD022;T_Rendille-1;Rendille;Africa;Kenya;Genomic_from_blood;SignedLetterDelay
C;LP6005519-DNA_F11;KERD016;T_Rendille-2;Rendille;Africa;Kenya;Genomic_from_blood;SignedLetterDelay
C;LP6005519-DNA_H12;Sandawe026;T_Sandawe-1;Sandawe;Africa;Tanzania;Genomic_from_blood;SignedLetterDelay
C;LP6005519-DNA_G12;TZSW057;T_Sandawe-2;Sandawe;Africa;Tanzania;Genomic_from_blood;SignedLetterDelay
C;LP6005519-DNA_G11;KESN014;T_Sengwer-1;Sengwer;Africa;Kenya;Genomic_from_blood;SignedLetterDelay
C;LP6005519-DNA_H11;KESN030;T_Sengwer-2;Sengwer;Africa;Kenya;Genomic_from_blood;SignedLetterDelay
C;LP6005519-DNA_C10;CATS023;T_Tikar_South-1;Tikar_South;Africa;Cameroon;Genomic_from_blood;SignedLetterDelay
C;LP6005519-DNA_D10;CATS005;T_Tikar_South-2;Tikar_South;Africa;Cameroon;Genomic_from_blood;SignedLetterDelay